Designator,Footprint,Quantity,Value,LCSC Part #
"C1, C2, C3",0603,3,C0603/100nF,C14663
C4,0603,1,C0603/10uF-25V,C96446
D1,0603,1,PWR/GREEN,C72043
D2,0603,1,RX/YELLOW,C72038
D3,0603,1,TX/GREEN,C72043
J1,PinHeader_2x03_P2.54mm_Horizontal,1,Con_Zelio2x3,
J2,USB_Micro-B_GCT_USB3076-30-A,1,USB_B_Mini,C319160
J3,PinHeader_1x03_P2.54mm_Vertical,1,Con_Aux_RS232,
"R1, R2",0603,2,R2K2 0603,C4190
"R3, R4, R5",0603,3,R0603/1K0,C21190
"U1, U2",SOIC-8_3.9x4.9mm_P1.27mm,2,HCPL-0201,C188694
U4,SO-8_3.9x4.9mm_P1.27mm,1,CH340N/SOP8,C506813
v0.0.1,zelio,1,zelio,
